{"option_tree_settings":{"sections":[{"title":"Contact Page","id":"contact"},{"title":"General","id":"general_default"},{"id":"sidebars","title":"Sidebars"}],"settings":[{"label":"Choose \"My Bookmarks\"","id":"pp_bookmarks_page","type":"page_select","desc":"this page needs to have shortcode [my_bookmarks] in the content","std":"","rows":"","post_type":"","taxonomy":"","class":"","section":"general_default"},{"label":"Comments on pages","id":"pp_pagecomments","type":"on_off","desc":"You can disable globaly comments on all pages with this option, or you can do it per page in Page editor","std":"on","rows":"","post_type":"","taxonomy":"","class":"","section":"general_default"},{"id":"sidebars_text","label":"About sidebars","desc":"All sidebars that you create here will appear both in the Appearance > Widgets, and then you can choose them for specific pages or posts.","std":"","type":"textblock","section":"sidebars","rows":"","post_type":"","taxonomy":"","class":""},{"label":"Create Sidebars","id":"incr_sidebars","type":"list-item","desc":"Choose a unique title for each sidebar","section":"sidebars","settings":[{"label":"ID","id":"id","type":"text","desc":"Write a lowercase single world as ID (it can't start with a number!), without any spaces","std":"my_new_sidebar","rows":"","post_type":"","taxonomy":"","class":""}]},{"label":"Maps configuration","id":"pp_maps_text","type":"textblock","desc":"Add custom markers to the map","std":"","rows":"","post_type":"","taxonomy":"","class":"","section":"contact"},{"label":"Zoom level for map","id":"pp_contact_zoom","type":"numeric-slider","desc":"0 - whole world, 19 - maximum zoom.","std":"13","rows":"","post_type":"","taxonomy":"","class":"","min_max_step":"1,19,1","section":"contact"},{"label":"Map type","id":"pp_contact_maptype","type":"select","desc":"","choices":[{"label":"ROADMAP","value":"ROADMAP"},{"label":"SATELLITE","value":"SATELLITE"},{"label":"HYBRID","value":"HYBRID"},{"label":"TERRAIN","value":"TERRAIN"}],"std":"ROADMAP","rows":"","post_type":"","taxonomy":"","class":"","section":"contact"},{"label":"Markers on map","id":"pp_contact_map","type":"list-item","desc":"Manage markers on the contact page map.","settings":[{"label":"Address of marker on map","id":"address","type":"text","desc":"","std":"","rows":"","post_type":"","taxonomy":"","class":""},{"label":"HTML content of marker","id":"content","type":"textarea","desc":"","std":"","rows":"","post_type":"","taxonomy":"","class":""}],"std":"","rows":"","post_type":"","taxonomy":"","class":"","section":"contact"},{"label":"Footer social icons","id":"pp_footericons","type":"list-item","desc":"Manage socials icons in footer.","settings":[{"id":"icons_service","label":"Choose service","desc":"","std":"","type":"select","rows":"","post_type":"","taxonomy":"","class":"","choices":[{"value":"twitter","label":"Twitter","src":""},{"value":"wordpress","label":"WordPress","src":""},{"value":"facebook","label":"Facebook","src":""},{"value":"linkedin","label":"LinkedIN","src":""},{"value":"steam","label":"Steam","src":""},{"value":"tumblr","label":"Tumblr","src":""},{"value":"github","label":"GitHub","src":""},{"value":"delicious","label":"Delicious","src":""},{"value":"instagram","label":"Instagram","src":""},{"value":"xing","label":"Xing","src":""},{"value":"amazon","label":"Amazon","src":""},{"value":"dropbox","label":"Dropbox","src":""},{"value":"paypal","label":"PayPal","src":""},{"value":"gplus","label":"Google Plus","src":""},{"value":"stumbleupon","label":"StumbleUpon","src":""},{"value":"yahoo","label":"Yahoo","src":""},{"value":"pinterest","label":"Pinterest","src":""},{"value":"dribbble","label":"Dribbble","src":""},{"value":"flickr","label":"Flickr","src":""},{"value":"reddit","label":"Reddit","src":""},{"value":"vimeo","label":"Vimeo","src":""},{"value":"spotify","label":"Spotify","src":""},{"value":"rss","label":"RSS","src":""},{"value":"youtube","label":"YouTube","src":""},{"value":"blogger","label":"Blogger","src":""},{"value":"evernote","label":"Evernote","src":""},{"value":"digg","label":"Digg","src":""},{"value":"fivehundredpx","label":"500px","src":""},{"value":"forrst","label":"Forrst","src":""},{"value":"appstore","label":"AppStore","src":""},{"value":"lastfm","label":"LastFM","src":""},{"value":"telegram","label":"Telegram","src":""}]},{"label":"URL to profile page","id":"icons_url","type":"text","desc":"","std":"","rows":"","post_type":"","taxonomy":"","class":""}],"std":"","rows":"","post_type":"","taxonomy":"","class":"","section":"general_default"}]},"option_tree":{"pp_contact_zoom":"13","pp_contact_maptype":"ROADMAP","pp_contact_map":[{"title":"Our Office","address":"New York","content":"45 Park Avenue, Apt. 303<br\/>New York, NY 10016"}],"pp_bookmarks_page":"2565","pp_pagecomments":"off","pp_custom_css":"","pp_footericons":[{"title":"Facebook","icons_service":"facebook","icons_url":"#"},{"title":"Twitter","icons_service":"twitter","icons_url":"#"},{"title":"GooglePlus","icons_service":"gplus","icons_url":"#"},{"title":"LinkdedIn","icons_service":"linkedin","icons_url":"#"}],"pp-fonts":[{"family":"montserrat","variants":["regular","500","600"],"subsets":["latin"]},{"family":"lato","variants":["300","regular","700"],"subsets":["latin"]}],"workscout_body_font":"","workscout_menu_font":"","workscout_logo_font":"","workscout_headers_font":"","incr_sidebars":[{"title":"Contact","id":"contact"}]},"dbem_credits":0,"woocommerce_cart_redirect_after_add":"yes","woocommerce_enable_ajax_add_to_cart":"no","travel_settings":{"api_key":"AIzaSyBsnYWO4SSibatp0SjsU9D2aZ6urI-_cJ8"},"tt-font-google-api-key":"AIzaSyBsnYWO4SSibatp0SjsU9D2aZ6urI-_cJ8"}