{"search":{"3":{"title":""},"_multiwidget":1},"text":{"1":[],"2":{"title":"Do you have any questions?","text":"<div class=\"widget-box\">\r\n\t\t\t\t<p>If you are having any questions, please feel free to ask.<\/p>\r\n\t\t\t\t<a href=\"http:\/\/workscout.wpengine.com\/contact\/\" class=\"button widget-btn\"><i class=\"fa fa-envelope\"><\/i> Drop Us a Line<\/a>\r\n\t\t\t<\/div>","filter":false},"3":{"title":"About","text":"<p>WorkScout is a fully functioning job board Theme for WordPress developed with the popular free WordPress Plugin WP Job Manager.<\/p>\r\n<a href=\"https:\/\/themeforest.net\/item\/workscout-job-board-wordpress-theme\/13591801?ref=purethemes\" class=\"button\">Learn More<\/a>","filter":false},"4":{"title":"Informations","text":"<div class=\"widget-box\">\r\n\t\t<p>Morbi eros bibendum lorem ipsum dolor pellentesque pellentesque bibendum. <\/p>\r\n\r\n\t\t<ul class=\"contact-informations\">\r\n\t\t\t<li>45 Park Avenue, Apt. 303<\/li>\r\n\t\t\t<li>New York, NY 10016 <\/li>\r\n\t\t<\/ul>\r\n\r\n\t\t<ul class=\"contact-informations second\">\r\n\t\t\t<li><i class=\"fa fa-phone\"><\/i> <p>+48 880 440 110<\/p><\/li>\r\n\t\t\t<li><i class=\"fa fa-envelope\"><\/i> <p>mail@example.com<\/p><\/li>\r\n\t\t\t<li><i class=\"fa fa-globe\"><\/i> <p>www.example.com<\/p><\/li>\r\n\t\t<\/ul>\r\n\r\n\t<\/div>","filter":false},"_multiwidget":1},"workscout_tabbed":{"1":[],"2":{"recent":"1","popular":"1","comments":"1","recenttitle":"Recent","populartitle":"Popular","commentstitle":"Comments","number":"3"},"_multiwidget":1},"nav_menu":{"1":[],"2":{"title":"For Candidates","nav_menu":184},"3":{"title":"For Employers","nav_menu":185},"4":{"title":"Other","nav_menu":186},"_multiwidget":1},"pt-social-icons":{"1":[],"2":{"title":"","icons":{"twitter":"#","facebook":"#","linkedin":"#","gplus":"#"},"size":"","bg_color":"#F2F2F2","icons_color":"#A0A0A0","target":"_self"},"_multiwidget":1}}